{
  "max_value": 1.0,
  "min_value": 0.0,
  "mean_value": 0.701865017414093,
  "std_dev": 0.17227958142757416
}